NAME,MIN_RA,MAX_RA,MIN_DEC,MAX_DEC,LIM_MAG_g,LIM_MAG_r,LIM_MAG_i,LIM_MAG_z,LIM_MAG_g_std,LIM_MAG_r_std,LIM_MAG_i_std,LIM_MAG_z_std,g,r,i,z,BOOST,NUM_KN,NUM_AGN,NUM_Mdwarf
GW190510,79.540796,98.719655,-43.6377,-21.556745,21.888233746989975,22.148227402591182,0.0,21.6766255806648,0.05281190964227386,0.03670653372476446,0.0,0.096219612431252,1,1,0,1,200.0,150000,1000,0
